Question,Supportive Answer,Opposing Answer
Some people think the government should pay for health care and education.,"One compelling argument for the government paying for health care and education is the potential to foster social cohesion within society. By providing these services free of charge, it addresses the needs of disadvantaged groups who may struggle to afford such essential services independently. When the government prioritizes the well-being and educational opportunities of these marginalized individuals, it conveys a message of inclusivity, fairness, and recognition of their worth. This sense of value and fair treatment can create a strong sense of connection between these individuals and the government, instilling a willingness to actively contribute to the betterment of society as a whole. This mutual support and shared responsibility contribute to building a cohesive and harmonious community.","If the government is solely responsible for funding health care and education, it may result in increased taxes, particularly on wealthier individuals. This can lead to a decrease in their disposable income and create a perception of unfair treatment. When the burden of funding these services falls solely on the government, there is a risk of insufficient funding allocated to other essential fields such as scientific research, cultural diversity initiatives, and infrastructure development. Limited financial resources may impede progress and innovation in these areas, hindering overall societal development and potentially limiting opportunities for advancements that benefit the entire population."
Some people think the government should pay for health care and education.,"One argument in favor of the government paying for health care and education is the promotion of equal opportunities. By providing free or subsidized access to healthcare and education, the government ensures that individuals, regardless of their socioeconomic background, have equal opportunities to receive quality medical treatment and pursue education. This helps level the playing field and reduces the disparities that arise from unequal access to these essential services. Investing in healthcare and education as public goods not only improves the overall well-being of the population but also contributes to the development of a more equitable and prosperous society.","However, some argue against the government paying for health care and education, expressing concerns about the potential drawbacks of centralized control and reduced competition. When the government assumes responsibility for healthcare and education, it can lead to inefficiencies and limited innovation. Critics argue that market competition fosters innovation, efficiency, and quality improvement in these sectors. They contend that a government monopoly could result in long waiting times for medical treatments, limited choices in educational institutions, and a lack of incentives for providers to deliver high-quality services. They advocate for a more market-based approach, where individuals have the freedom to choose their healthcare and educational providers, fostering competition and driving improvements in cost-effectiveness and service quality."
Some people think the government should pay for health care and education.,"One compelling argument for the government paying for healthcare and education is the social and economic benefits it brings. By providing accessible and affordable healthcare, the government ensures that all citizens have the opportunity to receive essential medical services, leading to a healthier population. This, in turn, reduces the burden on public health systems, improves productivity, and promotes overall societal well-being. Similarly, investing in education allows individuals to acquire knowledge and skills, empowering them to contribute meaningfully to the workforce and drive economic growth. By shouldering the cost of healthcare and education, the government fosters a more inclusive society and strengthens the foundations of a prosperous nation.","However, opponents argue that government-funded healthcare and education can lead to increased bureaucracy and reduced personal accountability. When the government is solely responsible for funding these services, it may result in a lack of efficiency and innovation. Critics contend that individuals may become less motivated to make responsible choices regarding their health and education when they are not directly bearing the financial costs. Moreover, government control and regulation can stifle competition and limit choices, potentially hindering the development of alternative models that could better cater to individual needs and preferences. They advocate for a more market-oriented approach that emphasizes individual responsibility and choice, believing it can drive efficiency, innovation, and better outcomes in healthcare and education."
Nowadays some consumers are less influenced by advertising than in the past.,"One reason why some consumers are less influenced by advertising nowadays is the abundance of alternative sources of information. With the rise of the internet and social media, individuals have greater access to product reviews, customer feedback, and recommendations from peers. They can easily compare prices, features, and quality across different brands before making a purchasing decision. This increased access to unbiased information empowers consumers to make informed choices based on their own research rather than solely relying on advertising messages. Consequently, they become more skeptical and less susceptible to the persuasive tactics employed in traditional advertising.","On the other hand, it is important to recognize that despite the changing landscape of advertising, it still holds significant influence over consumer behavior. While some individuals may claim to be less influenced by advertising, it is often subconscious effects that play a role in their decision-making. Advertisements create brand familiarity and shape consumers' perceptions of products and services. Even if consumers believe they are immune to advertising, studies have shown that repeated exposure to certain brands and messages can still subconsciously influence their preferences and purchasing decisions. Therefore, while the influence of advertising may have evolved, it remains a powerful force in shaping consumer attitudes and choices."
Nowadays some consumers are less influenced by advertising than in the past.,"One reason why some consumers are less influenced by advertising nowadays is the increasing prevalence of ad-blocking technologies. With the advent of ad-blockers on web browsers and mobile devices, consumers have the ability to filter out unwanted advertisements and create a more streamlined online experience. This allows them to focus on the content they are interested in, without being bombarded by intrusive ads. As a result, advertising messages have a diminished impact on these consumers, as they actively choose to block or ignore them. This shift highlights a growing resistance to traditional advertising methods and a desire for more control over the information they consume.","Despite the availability of ad-blocking technologies, it is crucial to acknowledge that advertising still holds sway over consumer behavior. While some individuals may claim to be less influenced by advertising, it is important to consider the subconscious effects it can have. Advertisements often employ persuasive techniques and emotional appeals that can shape consumers' perceptions and preferences without their explicit awareness. Moreover, even if consumers actively block or ignore certain ads, they are still exposed to advertising messages through various channels, such as television, billboards, and product placements. This pervasive exposure to advertising reinforces brand familiarity and can sway consumer decisions, underscoring its continued influence."
Nowadays some consumers are less influenced by advertising than in the past.,"One reason why some consumers are less influenced by advertising nowadays is the increasing availability of user-generated content and peer recommendations. With the rise of social media platforms and online review websites, consumers have access to a wealth of information and opinions from fellow consumers. They rely more on personal experiences and recommendations from their social networks rather than being solely influenced by traditional advertising. This shift indicates a growing trust in authentic, user-generated content that is perceived as more genuine and unbiased. Consumers are more likely to make purchasing decisions based on the opinions and experiences of others, diminishing the impact of traditional advertising methods.","Contrary to the notion that consumers are less influenced by advertising, it is important to consider the continued effectiveness of targeted advertising strategies. Advancements in data analytics and consumer profiling enable advertisers to tailor their messages and reach specific audience segments with precision. Through personalized ads, consumers are presented with products and services that align with their preferences and interests. This targeted approach enhances the relevancy and effectiveness of advertising, making it more likely to influence consumer behavior. Additionally, innovative and creative advertising campaigns can still capture consumers' attention and leave a lasting impression, contributing to the enduring influence of advertising."
Nowadays some consumers are less influenced by advertising than in the past.,"One reason why some consumers are less influenced by advertising nowadays is the increase in consumer awareness and skepticism. With the rise of information accessibility, consumers have become more knowledgeable about marketing tactics and are more critical of advertising claims. They actively seek out product reviews, compare prices, and conduct thorough research before making purchasing decisions. This heightened awareness allows them to make more informed choices and reduces their susceptibility to persuasive advertising techniques. As a result, consumers are less easily swayed by traditional advertising messages and are more inclined to rely on their own judgment and evaluation of products or services.","One reason why some consumers are less influenced by advertising nowadays is the increase in consumer awareness and skepticism. With the rise of information accessibility, consumers have become more knowledgeable about marketing tactics and are more critical of advertising claims. They actively seek out product reviews, compare prices, and conduct thorough research before making purchasing decisions. This heightened awareness allows them to make more informed choices and reduces their susceptibility to persuasive advertising techniques. As a result, consumers are less easily swayed by traditional advertising messages and are more inclined to rely on their own judgment and evaluation of products or services."
"Some people think they have right to use as much fresh water as they want.
","Some people believe they have the right to use as much fresh water as they want because it is a fundamental necessity for survival. Water is essential for daily activities such as drinking, cooking, sanitation, and agriculture. Access to an adequate supply of fresh water is crucial for maintaining health, ensuring food security, and supporting livelihoods. Therefore, individuals argue that they should have the freedom to use water according to their needs without limitations, as it is a basic human right and a vital resource for sustaining life.","However, if water is provided free of charge, it can strain government resources and impact the allocation of funds to other important sectors such as science, healthcare, and education. The establishment and maintenance of an efficient water filtering and supplying system require substantial financial investments. If a significant portion of the government's budget is dedicated to building and sustaining water supply facilities, it may limit the available funds for crucial areas that contribute to societal well-being and development. This could lead to a shortage of resources and inadequate support for essential services, resulting in restricted access, compromised quality, and hindered progress in sectors vital for the population's overall welfare and societal advancement."
"Some people think they have right to use as much fresh water as they want.
","Some people believe they have the right to use as much fresh water as they want because it is a fundamental necessity for survival. Water is essential for daily activities such as drinking, cooking, sanitation, and agriculture. Access to an adequate supply of fresh water is crucial for maintaining health, ensuring food security, and supporting livelihoods. Therefore, individuals argue that they should have the freedom to use water according to their needs without limitations, as it is a basic human right and a vital resource for sustaining life.","However, the unlimited use of fresh water by individuals can lead to detrimental consequences for both the environment and other communities. When individuals consume water excessively, it can contribute to water scarcity, especially in regions already facing water stress. The overuse of water resources can deplete aquifers, lower water tables, and disrupt ecosystems that depend on freshwater habitats. Moreover, an uncontrolled use of water can lead to inequitable distribution, where certain individuals or communities might have limited access to sufficient water due to the overconsumption of others. Therefore, balancing individual needs with the sustainable management of water resources is crucial to ensure long-term availability and equity."
"Some people think they have right to use as much fresh water as they want.
","Some people argue that they have the right to use as much fresh water as they want due to the importance of personal freedom and autonomy. They believe that individuals should have the freedom to make choices regarding their water usage without external restrictions or regulations. This perspective values individual rights and emphasizes personal responsibility in managing water resources. By allowing unlimited access to fresh water, individuals can exercise their autonomy and make decisions based on their specific needs and circumstances. This approach recognizes the importance of individual choice and self-determination in water usage.","However, if water is provided free of charge, it can strain government resources and impact the allocation of funds to other important sectors such as science, healthcare, and education. The establishment and maintenance of an efficient water filtering and supplying system require substantial financial investments. If a significant portion of the government's budget is dedicated to building and sustaining water supply facilities, it may limit the available funds for crucial areas that contribute to societal well-being and development. This could lead to a shortage of resources and inadequate support for essential services, resulting in restricted access, compromised quality, and hindered progress in sectors vital for the population's overall welfare and societal advancement."
"Some people think they have right to use as much fresh water as they want.
","Some individuals argue that they have the right to use as much fresh water as they want because they believe in personal ownership of resources and the principle of individual freedom. They contend that water, being a fundamental necessity for life, should not be subjected to limitations or regulations that impede personal autonomy. According to this perspective, individuals should have the liberty to make decisions about their water usage based on their specific needs and circumstances, without external interference or restrictions.","On the contrary, a lack of regulations and monitoring regarding water usage can create an environment where individuals with greater influence, resources, or social standing can disproportionately benefit from unlimited access to fresh water. For instance, in some regions, powerful industries with strong political connections may exploit unlimited water access for their manufacturing processes, disregarding the potential consequences for local communities. This can result in significant water depletion, leaving nearby residents and farmers struggling with water scarcity and limited access to clean water. The unequal distribution of water resources in such cases further widens the gap between those with economic and political power and the marginalized communities who suffer from the consequences of water shortages."
Large companies should pay higher salaries to CEOs and executives compared to other workers. ,"One argument in favor of large companies paying higher salaries to CEOs and executives compared to other workers is the level of responsibility and decision-making authority these positions entail. CEOs and executives are responsible for making critical strategic decisions that shape the direction and success of the company. They bear the burden of leading and managing the organization, taking risks, and ensuring its profitability and growth. The complex nature of their roles and the significant impact they have on the company's performance warrant higher compensation to attract and retain top talent, incentivize their performance, and acknowledge the unique skills and expertise they bring to the table.","However, the argument for prioritizing equitable pay structures that promote fairness and minimize income disparities in large companies holds merit. It recognizes the collective contributions of employees at all levels and emphasizes the importance of rewarding them accordingly. When top executives receive disproportionately high salaries, it can create a perception of inequity among other workers, leading to a sense of undervaluation and potential demotivation. This can negatively impact their commitment and engagement, resulting in reduced productivity and overall organizational performance. By establishing fair and balanced pay practices that value the contributions of all employees, companies can foster a positive work environment, enhance employee satisfaction, and drive long-term success."
Large companies should pay higher salaries to CEOs and executives compared to other workers. ,"One key reason for advocating higher salaries for CEOs and executives in large companies is the level of responsibility they hold. Executives are responsible for making critical decisions that directly impact the success and profitability of the organization. Their decision-making skills, leadership abilities, and expertise are crucial for guiding the company through complex challenges and ensuring its long-term growth. Additionally, CEOs and executives are often required to work long hours and handle immense pressure, requiring a high level of dedication and commitment. Therefore, offering higher salaries is a means of recognizing their significant contributions and motivating them to continue driving the company's success.","However, it can be argued that paying higher salaries to CEOs and executives in large companies perpetuates income inequality. The disparity in wages between top-level executives and other employees widens the wealth gap within society. This can lead to feelings of dissatisfaction and demotivation among workers who may perceive their efforts as undervalued in comparison. Furthermore, allocating a significant portion of financial resources to executive compensation may limit funds available for investment in employee training, benefits, and job security, which are essential for ensuring a healthy and harmonious work environment. Consequently, focusing on more equitable pay structures can promote fairness and unity within organizations."
Large companies should pay higher salaries to CEOs and executives compared to other workers. ,"One argument in favor of paying higher salaries to CEOs and executives in large companies is the competitive nature of the job market. CEOs and executives are often sought after for their specialized skills, extensive experience, and proven track records of success in managing complex organizations. To attract and retain top talent in such a competitive environment, companies need to offer competitive compensation packages. Higher salaries serve as a financial incentive for qualified individuals to take on leadership positions, ensuring that companies have access to capable and experienced professionals who can drive growth, make strategic decisions, and navigate challenges in a rapidly evolving business landscape.","On the other hand, paying significantly higher salaries to CEOs and executives compared to other workers can exacerbate income inequality within society. The substantial wage gap between top-level executives and the rest of the workforce contributes to the growing wealth disparity, which can lead to social unrest and dissatisfaction. This disparity not only affects employee morale and motivation within the company but also widens the economic divide in society. Moreover, excessive executive compensation can be seen as disproportionate and unfair, especially when lower-level workers struggle to meet their basic needs. Companies should strive for a more equitable distribution of resources and consider implementing measures that promote fair compensation practices throughout their organization."
Large companies should pay higher salaries to CEOs and executives compared to other workers. ,"One argument supporting higher salaries for CEOs and executives in large companies is the principle of supply and demand. The demand for skilled and experienced individuals capable of leading and managing large organizations often exceeds the supply of such talent. As a result, offering higher salaries becomes necessary to attract and retain individuals with the required expertise. The competitive nature of the job market for top-level executives drives up their market value, and companies must provide competitive compensation packages to ensure they can secure the most qualified individuals who can drive growth, make strategic decisions, and guide the company towards success.","However, paying significantly higher salaries to CEOs and executives compared to other workers can lead to economic disparities and social unrest. The large wage gap within organizations can contribute to income inequality and create a sense of unfairness and discontent among employees. When lower-level workers struggle to make ends meet while top executives earn exorbitant salaries, it can generate resentment and negatively impact employee morale and productivity. It is important for companies to consider more equitable compensation structures that prioritize fair distribution of resources, ensuring that all employees are rewarded fairly for their contributions and fostering a more harmonious work environment."
Students in university education should develop specialist in one subject area.,"By focusing on a specific field, students can delve deep into the subject matter, gaining a comprehensive understanding of its theories, principles, and practices. This specialized knowledge allows them to become highly skilled and proficient in their chosen discipline, increasing their chances of making significant contributions in their respective fields. Specialization also enhances employability, as employers often value individuals with specialized expertise, recognizing their ability to excel in specific roles or industries.","Studying more subjects in university education can inspire students to find their passion, primarily because most students are not fully aware of their interests and preferences at a young age. When students are exposed to a wide range of subjects, they have the opportunity to explore various disciplines and discover new areas of interest. By engaging in different fields of study, they can develop a better understanding of their own strengths, weaknesses, and inclinations. This exploration allows them to navigate their academic journey with an open mind, enabling them to identify and pursue their true passions. Through this process of self-discovery, students can make more informed decisions about their future career paths and find fulfillment in their chosen fields of expertise."
Students in university education should develop specialist in one subject area.,"One argument in favor of students in university education developing specialization in one subject area is the increasing complexity and specialization of modern professions. As industries become more specialized and knowledge-intensive, employers are increasingly seeking individuals with deep expertise in specific fields. By focusing on a single subject area, students can acquire the specialized knowledge, skills, and practical experience necessary to excel in their chosen profession. Specialization allows for a more targeted and in-depth education, enabling students to become specialists in their field and meet the demands of the job market. This specialization also enhances their employability and opens up opportunities for advanced research and career advancement.","However, there is an argument against students in university education specializing in one subject area, emphasizing the value of a balanced skill set. While specialization may lead to in-depth knowledge in a specific field, it can potentially limit students' ability to adapt to a rapidly evolving job market. In today's dynamic and interconnected world, employers increasingly seek individuals with a diverse range of skills and interdisciplinary knowledge. A well-rounded education that encompasses multiple subject areas allows students to develop transferable skills such as critical thinking, problem-solving, communication, and teamwork, which are highly sought after by employers. This versatility enables individuals to navigate diverse career paths and seize opportunities in various fields, increasing their professional flexibility and long-term employability."
Students in university education should develop specialist in one subject area.,"One argument in favor of students in university education specializing in one subject area is the necessity of acquiring in-depth knowledge and skills to tackle complex and challenging topics. Fields such as environmental science and climate change, for instance, require individuals to possess a deep understanding of scientific principles, data analysis, and policy frameworks. By specializing in a specific field, students can dedicate their time and efforts to developing expertise in the subject matter, allowing them to effectively address pressing issues like global warming. Becoming specialists in these areas enables students to contribute to meaningful research, innovative solutions, and informed decision-making, making a significant impact in their respective fields.","However, there is an argument against students in university education developing specialization in one subject area, emphasizing the importance of exposure to different subjects and interdisciplinary learning. When students are exposed to various fields of study, they are more likely to make connections between different disciplines and think outside the box. This interdisciplinary approach fosters creative thinking and innovation, as students learn to draw insights and ideas from different areas to solve problems and generate new perspectives. By exploring diverse subjects, students can develop a broader mindset, expanding their horizons and allowing for more innovative thinking in the future. Embracing interdisciplinary learning can contribute to a more well-rounded education and better prepare students for the complexities of the modern world."
Some people think watching TV everyday is bad for children.,"One argument in favor of the belief that watching TV every day is bad for children is the potential negative impact on their physical health. Excessive screen time, including TV viewing, can strain the eyes and contribute to eyesight problems, such as nearsightedness. Additionally, prolonged sedentary behavior while watching TV can lead to poor posture and negatively affect the development of the spine, potentially resulting in back and neck issues. Moreover, excessive TV viewing is often associated with a sedentary lifestyle, which can contribute to a lack of physical activity. This can lead to obesity and other related diseases, such as cardiovascular problems and diabetes. Limiting TV time and encouraging active play or participation in sports can help promote healthier habits, reduce the risk of obesity, and improve overall physical well-being.","However, there is an argument against the belief that watching TV every day is inherently bad for children, emphasizing the potential benefits of exposure to a wide range of topics on television. Television programs provide access to diverse knowledge, cultures, and perspectives that can broaden children's horizons and stimulate their curiosity. Exposure to different fields and subjects on TV can inspire children to connect knowledge from various sources, fostering interdisciplinary thinking and encouraging them to think outside the box. This exposure can enhance creative thinking skills and potentially lead to more innovative ideas and solutions in the future. Therefore, when managed responsibly and accompanied by parental guidance, TV viewing can have educational and intellectual merits for children."
Some people think watching TV everyday is bad for children.,"One compelling argument in favor of the belief that watching TV every day is detrimental for children is the highly captivating and immersive nature of TV programs, which can be both intriguing and engaging. However, children often lack self-control and can easily fall into the trap of excessive TV viewing, leading to an unhealthy addiction. This addiction can result in significant negative consequences, including reduced time allocated to studying essential school subjects. As a result, children may struggle academically, hindering their intellectual development and potentially limiting their opportunities to secure a rewarding job in the future. It is crucial for parents and caregivers to promote a balanced approach to screen time and encourage alternative educational activities to ensure a well-rounded upbringing.","In contrast, there is a strong argument for the positive impact of TV broadcasts, which frequently showcase the latest trends, news, and developments. These programs serve as a valuable resource that can help students connect the knowledge they acquire at school to its practical application in the real world. By featuring a diverse range of fields, industries, and perspectives, TV acts as a catalyst that inspires children to explore their passions and develop a deep interest in specific subjects. It ignites their curiosity, broadens their horizons, and motivates them to delve deeper into their studies, fueling their desire for continuous learning."
Some people think watching TV everyday is bad for children.,"One argument in favor of the belief that watching TV every day is bad for children is the presence of a significant number of violent scenes in TV programs. While some programs may be classified for specific age groups, many parents do not have sufficient time to monitor their children's viewing behaviors. As a result, children may end up watching content that is not appropriate for their age, including shows with graphic violence. This exposure to violence at a young age can have detrimental effects on their moral values, as they may perceive these behaviors as normal and potentially mimic them in their daily lives. This can contribute to an increase in antisocial behaviors and, in some cases, even lead to criminal activities.","However, it is important to recognize that not all TV programs have negative effects on children. In fact, there are many shows that are both educational and entertaining. These programs often explain complex school subjects and related concepts in plain language, making them more accessible and understandable for children. They provide real-life examples that demonstrate how these subjects are applied in daily life, fostering a deeper comprehension of the knowledge learned at school. By watching these educational shows, children can expand their understanding, develop critical thinking skills, and make connections between theoretical concepts and practical applications. Such TV programs can be a valuable tool in supplementing their education and enhancing their overall learning experience."
Some people think paying taxes is a big enough contribution to their society.,"Some people argue that paying taxes is a significant contribution to society. Taxes are essential for funding public services and infrastructure that benefit everyone in the community. By fulfilling their tax obligations, individuals contribute to the provision of healthcare, education, public safety, transportation, and various other services that promote the well-being and development of society as a whole. Taxes enable governments to address social inequalities, support those in need, and invest in the future of the nation. Therefore, paying taxes is seen as a responsible and necessary way to contribute to the overall functioning and advancement of society.","They argue that societal progress requires active engagement and involvement beyond financial obligations. While taxes do provide funding for public goods and services, they may not directly address certain social issues or meet specific community needs. Engaging in community service, volunteering, or supporting charitable organizations are additional ways individuals can contribute to society. These actions involve dedicating personal time and effort towards initiatives that aim to bring about positive change and improve the lives of others. Therefore, paying taxes alone may not fully encompass the broader sense of responsibility and personal investment required for meaningful contributions to the betterment of society."
Some people think paying taxes is a big enough contribution to their society.,"One compelling reason why paying taxes is a significant contribution to society is its crucial role in ensuring national security and safety. Taxes provide the necessary resources for governments to maintain law enforcement agencies, armed forces, and intelligence services. These institutions are responsible for safeguarding the nation against external threats, maintaining internal peace, and protecting citizens from harm. By funding security measures, taxes contribute to creating a stable and secure society, which is essential for individuals to feel safe and pursue their goals without fear. When people have confidence in their safety, they can focus on their personal and professional endeavors, contributing to the overall progress and well-being of the community. Thus, paying taxes becomes a substantial contribution as it directly supports the foundational element of national security and safety, enabling individuals to accomplish a multitude of aspirations in their lives.","However, it is important to acknowledge that there are many social problems that cannot be effectively addressed solely through public infrastructure and services, despite the contribution of taxes. While taxes play a crucial role in funding essential public resources, there are complex societal issues that require a multifaceted approach involving diverse stakeholders. Problems such as poverty, inequality, and discrimination necessitate systemic changes, policy reforms, and community engagement beyond the scope of public services alone. Furthermore, addressing mental health, addiction, and social alienation requires specialized interventions and support systems that go beyond the purview of infrastructure development. Therefore, while taxes contribute to public resources, it is crucial to recognize the need for comprehensive and collaborative efforts to tackle these deep-rooted social challenges."
Some people think paying taxes is a big enough contribution to their society.,"One compelling reason why paying taxes is a significant contribution to society is its role in funding research and innovation, which in turn drives technological advancements and economic growth, benefiting the entire community. Taxes provide governments with the necessary resources to invest in scientific research, promote innovation, and support development initiatives. Through these investments, new discoveries are made, cutting-edge technologies are developed, and novel solutions to societal challenges are created. These advancements have a ripple effect on the economy, leading to the creation of new job opportunities, increased productivity, and enhanced competitiveness on a global scale. Additionally, the benefits of research and innovation extend beyond the economic realm, with improved healthcare, sustainable energy solutions, and advancements in various fields improving the overall quality of life for individuals. Therefore, paying taxes becomes a substantial contribution as it enables the continuous progress and advancement of society, fostering a more prosperous and innovative future for all.","However, it is crucial to acknowledge that there are numerous societal problems that cannot be adequately resolved solely through public infrastructure and services, despite the contribution of taxes. Environmental issues, such as climate change and pollution, require collective responsibility and individual behavioral changes beyond the scope of government initiatives. While public services play a role in fostering social cohesion, promoting respect, empathy, and understanding among individuals from different cultural and economic backgrounds is essential in mitigating racism, discrimination, and social frictions. These complex challenges call for a holistic approach that includes education, awareness campaigns, community mobilization, and community engagement to address deep-rooted societal issues. Therefore, while taxes contribute to public resources, it is crucial to recognize the need for comprehensive efforts and individual responsibility to tackle these multifaceted problems in society."
"Nowadays celebrities are more famous for their glamour and wealth than for their achievements, and this sets a bad example to young people.","Celebrities being more renowned for their glamour and wealth than for their actual achievements sets a detrimental example for young people. In today's society, the media often portrays fame and material possessions as the primary indicators of success and happiness. Consequently, young individuals may develop misguided priorities, seeking instant gratification and pursuing superficial goals. This inclination towards glamour and wealth can divert their attention from pursuing meaningful achievements and personal growth. Instead of valuing hard work, perseverance, and intellectual or creative accomplishments, young people may be lured by the allure of fame and the desire for material abundance. Such misguided priorities hinder their potential to make a substantial impact on society and cultivate their own individual talents and passions.","On the other hand, the prominence of celebrities and their material success can have a positive impact on young people. Witnessing the rewards that can be attained through hard work, dedication, and talent can serve as a powerful motivator for young individuals. When they see celebrities who have achieved great heights due to their relentless efforts, it can ignite a sense of ambition and determination within them. The success stories of these individuals become sources of inspiration, encouraging young people to set ambitious goals, work hard, and strive for excellence in their own pursuits. By observing the achievements of celebrities, young individuals can develop a belief in their own potential and recognize that their dreams are attainable through perseverance and dedication. This can empower them to overcome challenges, push their boundaries, and pursue their passions with unwavering determination."
"Nowadays celebrities are more famous for their glamour and wealth than for their achievements, and this sets a bad example to young people.","One argument supporting the notion that celebrities being more famous for their glamour and wealth sets a bad example for young people is that it can foster materialism and have detrimental effects on their self-esteem and identity. Constant exposure to images of opulent lifestyles and extravagant possessions can create unrealistic expectations and a desire for immediate material gratification. This can lead to a shallow and materialistic mindset, where self-worth is measured by possessions rather than personal qualities or achievements. Moreover, the constant comparison to celebrities' lifestyles and the unattainable standards they portray can negatively impact young people's self-esteem, as they may feel inadequate or dissatisfied with their own lives. Ultimately, this emphasis on materialism can hinder the development of a strong sense of self and authentic identity.","On the other hand, the prominence of celebrities and their material success can play a vital role in promoting social mobility and economic empowerment among young people. Many celebrities come from humble backgrounds and have overcome various obstacles to achieve success. Their stories of triumph and perseverance can serve as powerful examples for young individuals who are facing similar challenges. By witnessing the success of celebrities, young people may be inspired to believe in their own potential and strive for upward mobility. They can see that with hard work, determination, and talent, it is possible to overcome barriers and achieve their goals, regardless of their socio-economic background. The success stories of celebrities can provide hope and motivation to young individuals, empowering them to break free from limitations and pursue a better future for themselves and their communities."
"Nowadays celebrities are more famous for their glamour and wealth than for their achievements, and this sets a bad example to young people.","One argument in support of the notion that celebrities being more famous for their glamour and wealth sets a bad example for young people is that it can influence their career choices negatively. The constant exposure to celebrities' glamorous lifestyles may create an illusion that certain professions or industries are highly desirable and rewarding. Young individuals may be influenced by this allure and choose career paths solely based on the perceived glamour associated with them, rather than considering their true passions and interests. Consequently, they may find themselves pursuing careers that they are not genuinely passionate about, leading to dissatisfaction and unhappiness in the long run. This emphasis on glamour and wealth can potentially divert young people from exploring their true passions and hinder their ability to make informed career choices.","However, it can be argued that celebrities' glamorous lifestyles can actually have a positive impact on young people by helping them discover their passions and talents. The exposure to celebrities' lives, filled with singing, dancing, acting, and various other creative pursuits, can serve as a source of inspiration for young individuals. Some young people may be drawn to these activities and feel compelled to explore their own potential in these fields. The fascination with celebrities can awaken a previously undiscovered interest or talent, leading them to pursue singing, dancing, acting, or other creative endeavors. This exposure can be a catalyst for self-discovery and personal growth, allowing young people to explore their passion and potentially embark on a fulfilling career path. By witnessing the achievements and lifestyles of celebrities, young individuals may find the motivation to pursue their dreams and discover their own unique talents, ultimately leading to a sense of fulfillment and personal satisfaction."
"Only a few languages have been increasingly used. 
It is a good thing ","The increasing use of only a few languages can be advantageous as it simplifies communication and understanding among people from different linguistic backgrounds. When a limited number of languages are commonly used, it reduces the need for extensive language learning and translation services. This leads to more efficient and effective communication in various sectors, including business, education, and international relations. Additionally, shared linguistic knowledge fosters a sense of unity and promotes cross-cultural interactions, facilitating cooperation and collaboration on a global scale.","If some cultural groups lose their unique languages that differentiates them from others,  their sense of belonging  might be impaired. Language plays an indispensable role in keeping man’s traditions and customs alive and  is often used  in many festive celebrations and spiritual practices.  Without language, it would be difficult for some ethnic groups to gain an in depth understanding of  their civilisation  and they may find themselves unable to relate their life  to their  past, thus feeling disconnected from  their origins. "
"Only a few languages have been increasingly used. 
It is a good thing ","The increasing use of only a few languages can lead to economic efficiency. When businesses and organizations communicate in widely spoken languages, it streamlines international trade and transactions. Companies can save on translation costs and resources, directing these savings towards innovation and expansion. A shared linguistic understanding fosters efficient negotiations and collaborations, facilitating faster decision-making and implementation processes. As a result, businesses can respond swiftly to market demands, adapt to changing trends, and maintain a competitive edge. This economic efficiency ultimately contributes to increased productivity and economic growth, benefiting both countries and individuals alike.","The extinction of many languages may prevent us from learning the wisdom of the past, so it follows that we may take longer to solve some common problems.  Language is usually used to document the history of the culture it is spoken in, which helps people learn about their past, which includes the successes and failures of their  ancestors.  Through studying the experiences of previous generations, we might be able to avoid making similar mistakes and be inspired to replicate their success patterns.  Therefore, if a language no longer exists, we will lose the opportunity to learn from the past, taking us longer time to find the best  solution to a problem, leading to inefficient problem-solving. "
"Only a few languages have been increasingly used. 
It is a good thing ","The increasing use of only a few languages can lead to enhanced empathy and cross-cultural understanding. When people communicate in commonly spoken languages, it fosters a shared sense of connection and facilitates meaningful interactions among diverse linguistic communities. This linguistic alignment breaks down barriers and encourages individuals to view the world from different cultural perspectives, promoting empathy and compassion. As people understand and appreciate each other's languages and cultures, it can lead to more harmonious relationships and social cohesion. This greater empathy and understanding contribute to building a more inclusive and compassionate society","The increasing use of only a few languages can lead to unequal access to opportunities and resources. When certain languages dominate, individuals who are proficient in these languages have a competitive advantage in various fields, such as education, business, and employment. This creates linguistic disparities, where those who are not fluent in these languages may face barriers in accessing quality education, job opportunities, and important information. Consequently, this linguistic divide can perpetuate social and economic inequalities, hindering the overall development and progress of societies. Ensuring equitable access to language education and resources becomes essential to address these disparities and promote inclusive growth."
Some people think that painting and drawing are as important as other subjects and they should be compulsory in high school education.,"Making painting and drawing compulsory in high school education can promote social cohesion and inclusivity among students. Engaging in artistic activities provides a common platform for students from diverse backgrounds to come together and express themselves creatively. Through collaborative projects and shared artistic experiences, students can bond with their peers, fostering a sense of unity and understanding among different cultural groups. Art allows students to explore themes of diversity, empathy, and tolerance, encouraging respect for each other's unique perspectives. This shared creative expression can break down social barriers, reducing stereotypes and prejudices, and creating a more cohesive and inclusive school community.","Making painting and drawing compulsory may lead to potential disinterest and reduced engagement for some students. Not all students may have a natural inclination or interest in arts, and forcing them to study subjects they are not passionate about can lead to disengagement in the learning process. This lack of engagement may affect their overall performance and hinder their ability to excel in other subjects they are more interested in. "
Some people think that painting and drawing are as important as other subjects and they should be compulsory in high school education.,"Making painting and drawing compulsory in high school education is important because it fosters self-awareness among students. Engaging in artistic activities allows students to express their thoughts, emotions, and ideas through visual means. This creative outlet encourages students to explore their inner world and gain a deeper understanding of themselves. As they create art, they reflect on their preferences, beliefs, and unique perspectives. This self-exploration leads to heightened self-awareness, helping students develop a stronger sense of identity and self-confidence. By promoting self-awareness, compulsory arts education contributes to the holistic development of students, preparing them to navigate life with a deeper understanding of themselves and their place in the world.
","Making painting and drawing compulsory in high school education may hinder the allocation of resources and limit the focus on other critical subjects. Educational institutions have limited resources, including time, funding, and teaching capacity. By making arts education mandatory, schools might need to reduce the resources allocated to other subjects, potentially compromising the depth and quality of instruction. Additionally, students may spend a significant amount of time learning art, leaving less time for other essential subjects such as mathematics, science, or language arts. This may affect their performance in their graduation tests, making it difficult for them to enroll in reputable universities. "
Some people think that painting and drawing are as important as other subjects and they should be compulsory in high school education.,"Making painting and drawing compulsory in high school education can play a crucial role in preserving cultural identity and heritage. Art serves as a powerful medium for students to express their cultural backgrounds, traditions, and unique experiences. Through artistic exploration, students can visually represent the stories, customs, and values that define their cultural heritage. This artistic expression helps students connect with their roots and understand the significance of their cultural identity in the larger context of the world. By celebrating diversity and encouraging the expression of various cultural identities, schools contribute to creating a more inclusive and culturally rich educational environment.","Painting and drawing should not be compulsory in high school education because students possess diverse interests and talents that extend beyond artistic pursuits. Not all students may naturally incline towards arts, and enforcing these subjects could impede their focus on areas aligning with their unique identities and career aspirations. This restriction might hinder them from allocating ample time to explore and nurture their true passions, potentially preventing the discovery of their true calling. Additionally, such a limitation could have lasting effects as they mature, leading them to choose college majors or career paths that do not resonate with their genuine interests, compromising their long-term fulfillment and success."
It has become easier and more affordable for people to visit other countries; it is a good thing.,"The increasing ease and affordability of international travel is a good thing because it fosters empathy. As people can visit other countries more easily, they have the opportunity to immerse themselves in different cultures, traditions, and experiences. This exposure to diverse perspectives helps individuals develop a deeper understanding and appreciation for the similarities and differences among people from various backgrounds. Through empathy, travelers can connect emotionally with the locals they encounter, recognizing and responding to their feelings and needs with compassion. This emotional connection fosters mutual respect and promotes positive interactions between travelers and the communities they visit. Ultimately, the cultivation of empathy through travel contributes to a more interconnected and compassionate global society, fostering a sense of unity and cooperation among people from different parts of the world.","The increasing ease and affordability of international travel being perceived as a bad thing is due to its potential impact on cultural identity. As people travel to different countries, there is a risk that their exposure to diverse cultures might dilute or erode their own cultural identity. This could lead to a loss of unique traditions, languages, and customs that have been passed down through generations. Additionally, the influx of tourists and globalization can homogenize local cultures, leading to the commercialization of traditional practices and values. Such changes may hinder the preservation of cultural heritage and diminish the sense of belonging and pride that individuals derive from their own cultural roots. "
It has become easier and more affordable for people to visit other countries; it is a good thing.,"The increasing ease and affordability of international travel is a good thing for the economy. As more people can visit other countries, it boosts the tourism industry, leading to increased revenue and job opportunities in the travel and hospitality sectors. Tourists spend money on accommodation, dining, transportation, and various attractions, stimulating local businesses and economies. Additionally, international travel fosters trade and investment between countries, facilitating the exchange of goods and services. The growth of the tourism industry not only benefits businesses directly involved but also creates a ripple effect on related industries, contributing to economic growth and prosperity. Therefore, the accessibility of travel opportunities positively impacts the economy, making it a favorable development for nations and communities worldwide.","The increased ease and affordability of international travel being considered a bad thing is due to its potential impact on pollution. As travel becomes more accessible, there is a surge in air and water pollution caused by transportation, especially air travel. The higher number of flights and increased tourism lead to a rise in carbon emissions and greenhouse gases, contributing to climate change and environmental degradation. Additionally, tourist destinations may suffer from over-tourism, leading to increased waste generation and strain on local resources, further exacerbating pollution. The negative consequences of pollution not only affect the environment but also impact the health and well-being of local communities."
It has become easier and more affordable for people to visit other countries; it is a good thing.,"The increased ease and affordability of international travel are beneficial as they enable people to explore diverse cultures and strengthen their cultural identity. Traveling to other countries provides individuals with the opportunity to immerse themselves in different customs, traditions, and ways of life. By experiencing new cultures firsthand, individuals can gain a deeper understanding of their own cultural roots and heritage. This exposure fosters a sense of pride and appreciation for one's own cultural identity, promoting cultural diversity and respect.","The increasing ease and affordability of international travel being seen as a bad thing is due to its potential association with rising crime rates. As more people travel to other countries, there might be an increase in opportunistic crimes such as theft and scams targeting tourists. Tourist destinations may also experience a surge in organized crimes like pickpocketing and fraud, taking advantage of unfamiliar visitors. Additionally, the influx of travelers can strain local law enforcement resources, making it challenging to effectively address and prevent crime. High-profile events and tourist attractions may become prime targets for terrorist activities, posing safety concerns for both tourists and local residents."
Museums should charge for admission.,"Charging admission fees at museums is a good thing for the economy. Museums often rely on these fees as a significant source of revenue to maintain and improve their exhibits and facilities. The income generated from admissions helps museums cover operational costs, such as staffing, preservation efforts, and educational programs. This financial support ensures that museums can continue to provide enriching experiences to visitors, including school groups and tourists. Moreover, the revenue generated from admissions enables museums to invest in research, restoration, and the acquisition of new artifacts, enhancing the overall quality of the museum experience. By charging admission fees, museums can remain sustainable institutions, contributing to the preservation and promotion of cultural heritage and knowledge, while supporting local economies through job creation and tourism.","Charging admission at museums is a bad thing because it hinders social cohesion and a sense of belonging. When museums impose entry fees, it creates a financial barrier, making it difficult for individuals, especially those from lower-income backgrounds, to access cultural heritage. This exclusion fosters feelings of alienation and detachment from their own history and identity, perpetuating social inequality. Those who can afford the fees gain access to valuable cultural knowledge, while others are denied this opportunity, leading to a division between socio-economic groups. Consequently, this unequal access to cultural resources undermines the sense of unity and shared understanding within the community"
Museums should charge for admission.,"Charging admission fees at museums is a good thing for cultural identity. When museums charge for entry, they can allocate more resources to curate and preserve culturally significant artifacts and exhibits. This enables museums to showcase and celebrate the unique heritage and history of a community or nation. Additionally, admission fees support educational programs and workshops that promote cultural awareness and understanding among visitors. By valuing and investing in cultural identity, museums can contribute to a sense of pride and belonging within the local community. The revenue generated from admissions can also aid in the expansion of exhibits and outreach efforts, allowing more people to engage with their cultural heritage. Thus, charging admission at museums ensures the preservation and appreciation of cultural identity for present and future generations.","
Charging admission at museums is detrimental because it negatively impacts cultural identity. When museums impose entry fees, it creates a financial barrier, limiting access to cultural heritage and exhibits. As a consequence, this exclusion can lead to individuals, especially those from lower-income backgrounds, being unable to explore and connect with their cultural roots. The inability to access these cultural resources may result in feelings of disconnect and detachment from their own history and heritage. This loss of connection may affect the sense of pride and belonging within one's cultural community."
Museums should charge for admission.,"Charging admission fees at museums is a good thing for safety. The revenue generated from admissions allows museums to implement and maintain security measures, ensuring the safety of both visitors and valuable artifacts. With adequate funding, museums can employ trained security personnel and invest in advanced surveillance systems, deterring potential theft or vandalism. Additionally, charging admission helps control the number of visitors, preventing overcrowding and ensuring a more comfortable and secure environment for everyone. The funds collected from admissions can also be used to improve fire safety measures and emergency protocols, enhancing the overall safety standards within the museum premises.","Charging admission at museums is a disadvantageous practice due to its negative impact on the economy. When museums impose entry fees, it creates a financial barrier that may deter potential visitors, especially those with limited financial means. As a result, the number of visitors might decrease, leading to a decline in museum revenue. Additionally, this reduction in footfall can affect local businesses, such as restaurants, souvenir shops, and transportation services, which rely on museum visitors for their livelihood. Furthermore, fewer tourists might be attracted to the area, resulting in decreased tourism revenue for the region"
"In some cities, there are few controls over the design and construction of new homes and office buildings so that people can build in whatever style they like; it is a good thing. ","The absence of stringent controls over the design and construction of new homes and office buildings in certain cities, allowing people to build in their preferred style, is advantageous as it fosters a strong sense of cultural identity. When individuals can express their architectural preferences, they have the freedom to incorporate elements that resonate with their cultural heritage and personal values. This promotes a unique urban landscape that reflects the diverse identities and backgrounds of the city's residents. Furthermore, buildings that showcase cultural influences contribute to a vibrant and visually appealing cityscape, attracting both residents and tourists. Embracing a variety of architectural styles not only enriches the city's identity but also enhances the pride and connection residents feel towards their community, creating a more harmonious and culturally diverse urban environment.","
The lack of strict controls over the design and construction of new homes and office buildings in certain cities, allowing people to build in whatever style they like, can have detrimental effects on the economy. When there are minimal regulations, it may lead to haphazard and unplanned development, resulting in inefficient land use and infrastructure. This could lead to increased costs for the city in terms of infrastructure maintenance and provision of services. Moreover, unregulated construction can lead to a mismatch between the built environment and the city's economic needs, potentially hindering economic growth and investment opportunities. Additionally, a lack of uniformity in building designs may negatively impact property values and the overall attractiveness of the city, deterring potential investors and businesses."
"In some cities, there are few controls over the design and construction of new homes and office buildings so that people can build in whatever style they like; it is a good thing. ","
The relaxed controls over the design and construction of new homes and office buildings in certain cities, allowing people to build in their preferred style, greatly attract construction activities due to several reasons. Firstly, the freedom to build in various architectural styles entices property developers and investors, as they can cater to diverse market preferences, increasing the demand for new construction projects. This heightened demand stimulates construction companies and workers, leading to an upsurge in building activities. Secondly, when individuals are allowed to design buildings according to their preferences, it encourages more property development and renovation projects, driving further construction endeavors.  ","The minimal controls over the design and construction of new homes and office buildings in certain cities, allowing people to build in whatever style they like, can lead to a wasteful expenditure of the property owners' money. When there are no regulations to ensure construction standards and quality, property owners may unknowingly invest in poorly built structures that may require frequent repairs or renovations. As a result, they end up spending more money to rectify construction flaws and maintain the buildings. Moreover, without proper oversight, there may be a proliferation of unnecessary and extravagant architectural designs, increasing construction costs unnecessarily. This misallocation of funds can be detrimental to property owners' finances. "
"In some cities, there are few controls over the design and construction of new homes and office buildings so that people can build in whatever style they like; it is a good thing. ","The lenient controls over the design and construction of new homes and office buildings in certain cities, allowing people to build in their preferred style, significantly foster a sense of belonging among the residents. When individuals have the freedom to shape their living and working spaces according to their preferences, it creates a strong emotional attachment to their surroundings. This personalized touch instills a feeling of ownership and connection to the community, as residents see their unique contributions in the city's architectural landscape. Moreover, diverse architectural styles that reflect the cultural identities and values of the residents promote inclusivity and acceptance within the community. When people see familiar elements in the buildings around them, it reinforces a shared identity and a sense of unity among the city's inhabitants. This sense of belonging can lead to improved social cohesion and a more closely-knit community.","
The limited controls over the design and construction of new homes and office buildings in certain cities, allowing people to build in any style they like, can lead to inefficiency and functional issues due to the lack of knowledge among property owners. Without proper regulations and guidance, property owners may lack the necessary expertise to make informed decisions about construction design and functionality. As a result, buildings may be poorly designed, leading to inefficient use of space, inadequate ventilation, and subpar structural integrity. Moreover, the absence of proper controls may result in the construction of buildings that do not meet essential safety and environmental standards, posing risks to occupants and the surrounding environment"
Some people think that studying from the past offers no benefits to today’s life.,"I agree that studying from the past cannot help today's life. We live in an ever-changing world with unique challenges that demand innovative and contemporary solutions. For instance, when it comes to tackling the issue of global warming, historical practices may not be sufficient to address the complexities and urgency of the environmental crisis we face today. Relying solely on past approaches to deal with the impacts of climate change might not be effective, considering the rapid changes in our climate patterns. Our current problems often require tailored strategies and technological advancements to mitigate the effects of global warming and promote sustainable practices","Some people believe that studying from the past can bring valuable benefits to today's life, and a compelling reason for this is that moral values have remained constant over time. Honesty, intelligence, and creativity are enduring virtues that have been valued by societies throughout historyStudying the past can provide insights into the practices and teachings that fostered these moral values, enabling us to learn from the successes and mistakes of previous generations. By understanding the methods and approaches used in the past, we can adapt and apply them to our present-day circumstances, reinforcing and enhancing these essential virtues in our lives."
Some people think that studying from the past offers no benefits to today’s life.,"Copying the past cannot help us use modern technology because the challenges we face today require innovative solutions that are tailored to our current context. The world has evolved significantly, and we now have access to advanced technologies that were unimaginable in the past. Relying solely on historical methods and practices would limit our ability to harness the full potential of modern technology. For instance, trying to solve today's environmental issues, such as climate change, by following outdated approaches would overlook the opportunities offered by renewable energy sources and sustainable technologies. Embracing modern technology allows us to address present-day complexities efficiently and effectively, optimizing processes, communication, and problem-solving","One significant reason is that it allows us to learn from history's mistakes and avoid repeating them. For instance, wars and cultural discrimination are pressing issues that persist across time. By delving into historical events and examining their consequences, we can gain crucial insights into the factors that led to such conflicts and injustices.Analyzing the past empowers us to identify patterns and trends, recognize the warning signs, and devise measures to prevent similar catastrophes in the present and future."
Some people think that studying from the past offers no benefits to today’s life.,"I agree that studying from the past may not offer significant benefits to today's life due to our open-minded mindset. Over time, societal attitudes and perspectives have evolved, leading to a more inclusive and accepting society. For instance, in the past, concepts such as gay marriage were not widely accepted, and individuals faced discrimination and social barriers. However, in the present, gay marriage has become widely recognized and legally accepted in many countries.This shift in mindset reflects the progress we have made in understanding and embracing diversity and human rights. Therefore, relying solely on past practices and beliefs may not be relevant or applicable to the diverse and inclusive world we live in toda","Studying from the past can indeed benefit today's life as the factors contributing to success remain consistent over time, and we still aspire to achieve similar successes, such as career development, fast-growing companies, and economic growth. By examining historical examples, we can gain insights into the shortcuts and strategies employed by our ancestors to achieve their goals. For instance, studying the history of Singapore inspires us to understand that putting people first can lead to building a great nation. These lessons from the past can guide us in making informed decisions, fostering innovation, and improving society as we aim to accomplish similar objectives in our modern world."
It is impossible to be a responsible tourist.,"The increasing economic development and ease of travel have led to a significant rise in tourism worldwide, including tourists from developing countries who may not have had previous exposure to travel experiences. As a result, some of these individuals may lack awareness of responsible tourist behaviors and cultural sensitivities. Their unfamiliarity with different customs and norms might lead to unintentional disrespect or even harm to the local environment and communities. For instance, littering, disrespectful behavior at religious sites, and cultural insensitivity could be common issues arising from such inexperience.","Being a responsible tourist is indeed possible, and the key lies in the implementation of strict regulations by the government. These regulations act as deterrents for irresponsible behaviors and ensure that tourists act responsibly during their travels. For instance, the government can enforce laws against littering, protect sensitive natural areas, and preserve cultural sites. By doing so, tourists are encouraged to be mindful of their actions and their impact on the environment and local communities. When governments take proactive measures to establish and enforce these regulations, tourists are more likely to embrace responsible practices, contributing to sustainable and ethical tourism overall."
It is impossible to be a responsible tourist.,"Many tourists are often focused on sightseeing and exploring new places, which can lead to unintentional neglect of the environment. When travelers are engrossed in their itinerary and excited about the attractions, they might not pay enough attention to their environmental impact. For instance, disposable items like plastic bottles and food packaging might be discarded haphazardly, contributing to pollution. Moreover, tourists might not be fully aware of local environmental regulations, resulting in unintentional violations. Being preoccupied with sightseeing, they may overlook the importance of conserving resources and respecting the natural surroundings","Being a responsible tourist is achievable, and one effective way the government can promote this is through awareness campaigns. By launching informative and engaging campaigns, the government can educate tourists about the importance of responsible behaviors during their travels. These campaigns can highlight the impact of tourism on the environment, local communities, and cultural heritage, emphasizing the need for sustainable and ethical practices. For example, campaigns can encourage tourists to minimize waste, respect local customs, and support eco-friendly initiatives. By raising awareness, tourists become more conscious of their actions and make informed choices that benefit the destinations they visit. Consequently, the collective efforts of both the government and tourists can lead to a more responsible and sustainable tourism industry."
It is impossible to be a responsible tourist.,"Many tourists might not feel directly accountable for the damages caused during their travels because they perceive themselves as temporary visitors who will eventually leave the destination. This mindset can lead to a lack of responsibility and a disregard for the long-term consequences of their actions. For instance, some tourists might indulge in irresponsible behaviors like littering, overusing resources, or engaging in disrespectful activities, thinking that their actions will not have a significant impact since they will depart shortly","Another reason that supports the possibility of being a responsible tourist is the implementation of eco-friendly initiatives by businesses and tourism operators. Many hotels, restaurants, and tour companies are now adopting sustainable practices to minimize their environmental impact. For instance, some hotels are using renewable energy sources, reducing water consumption, and implementing recycling programs. Restaurants may offer locally sourced, organic food options, and tour operators can organize eco-friendly excursions that prioritize wildlife conservation and protect natural habitats. By choosing to support these eco-conscious businesses and activities, tourists can actively contribute to responsible and sustainable tourism. Such initiatives not only benefit the environment but also create positive economic and social impacts within the local communities"
"More scientists and tourists are traveling to remote natural environments, such as South Pole; it is a good thing. ","Traveling to remote natural environments, such as the South Pole, by scientists and tourists is beneficial for the economy. These expeditions create opportunities for revenue generation and economic growth in several ways. Firstly, the influx of tourists boosts the local tourism industry, leading to increased income for hotels, restaurants, transportation services, and other related businesses. Secondly, scientific research expeditions require specialized equipment and logistics support, which can stimulate economic activities in the region, providing employment opportunities for local communities. Additionally, such expeditions may attract funding from governments and private organizations, further contributing to the local economy. The economic benefits not only enhance the living standards of the residents but also facilitate investments in infrastructure and other development projects","
The influx of scientists and tourists traveling to remote natural environments, like the South Pole, can pose a significant threat to the local economy. These pristine areas are often fragile and dependent on the delicate balance of the ecosystem for economic activities such as fishing, agriculture, and wildlife-based tourism. Increased human activity and disturbances can disrupt the natural habitats, leading to a decline in local biodiversity and affecting livelihoods of indigenous communities dependent on the resources. Moreover, mass tourism may lead to overexploitation of natural resources, causing irreversible damage to the environment and impacting local industries."
"More scientists and tourists are traveling to remote natural environments, such as South Pole; it is a good thing. ","Traveling to remote natural environments, such as the South Pole, by scientists and tourists can significantly speed up scientific development. These expeditions offer unique opportunities to conduct research and gather data in environments that are not easily accessible. Scientific discoveries made in these remote areas can lead to breakthroughs in various fields, including climate science, glaciology, and biodiversity studies. The extreme conditions of these environments also provide scientists with the chance to test innovative technologies and equipment, advancing technological progress. Moreover, collaboration between scientists from different countries and institutions during these expeditions fosters knowledge exchange and enhances the scientific community's collective understanding.","The travel of scientists and tourists to remote natural environments, like the South Pole, can be a bad thing due to the potential threat it poses to their lives. These areas are often harsh and inhospitable, with extreme weather conditions and limited access to essential resources. Both scientists and tourists may face various risks, including extreme cold, hazardous terrains, and limited medical facilities in case of emergencies. The remote locations may also lack proper communication networks, making it challenging to seek immediate help in critical situations. This heightened risk factor can lead to accidents, injuries, or even fatalities. "
"More scientists and tourists are traveling to remote natural environments, such as South Pole; it is a good thing. ","Traveling to remote natural environments, such as the South Pole, by scientists and tourists can help with the environment in two significant ways. Firstly, it can foster a greater appreciation for natural resources among tourists. Experiencing the untouched beauty of these remote locations can instill a sense of environmental consciousness, leading to more sustainable and responsible behaviors in travelers' daily lives. Secondly, these expeditions offer scientists a unique opportunity to study the impact of global warming and climate change up close. By conducting research in these environments, scientists may gain valuable insights into the complex processes influencing climate change, enabling them to develop more effective strategies and solutions to mitigate its effects.","The travel of scientists and tourists to remote natural environments, like the South Pole, can be a bad thing as it poses a threat to the local cultural identity. These remote areas often host indigenous communities with unique cultures, traditions, and ways of life. The influx of outsiders can disrupt their harmonious existence and erode their cultural practices. Increased interaction with external influences may lead to the adoption of foreign norms and values, which could diminish the authenticity of the local culture. Additionally, tourism and scientific activities might introduce new practices that clash with traditional beliefs and customs, further distancing the local community from their cultural roots."
Some people think that space tourism will probably be developed; it is a good thing.,"The potential development of space tourism is considered a good thing as it can inspire people to appreciate the resources on Earth and be more conscious of the environment. As individuals experience space travel, they gain a unique perspective of our planet from above, witnessing its beauty, fragility, and interconnectedness. This awe-inspiring view can lead to a profound appreciation for the Earth's natural wonders and resources. Space tourists, upon returning, may become advocates for environmental protection and sustainable practices, recognizing the importance of preserving our planet for future generations.","The potential development of space tourism is seen as a bad thing due to concerns about endangering human lives. Space travel involves significant risks and uncertainties, and accidents in space exploration can have catastrophic consequences. Moreover, the technology required for space travel is still evolving, making it prone to accidents and failures. Human spaceflight remains a complex and dangerous endeavor, and the safety of astronauts and tourists should be a paramount concern."
Some people think that space tourism will probably be developed; it is a good thing.,"The possible development of space tourism is a good thing due to its potential economic benefits. As space travel becomes more accessible, it can stimulate economic growth in various sectors. Investment in space tourism will create new job opportunities, from spacecraft manufacturing to spaceport operations. Additionally, it can lead to the growth of related industries, such as space research, technology, and hospitality services. As more people engage in space tourism, there will be an increase in consumer spending on travel-related goods and services. Furthermore, the advancement of space technologies can have spillover effects on other industries, fostering innovation and driving economic progress. ","One reason of space tourism's potential development is viewed negatively is the fear that significant financial resources will be diverted away from fields closely related to existing global problems. The allocation of vast sums of money to space tourism projects may divert funding from critical areas such as education, healthcare, poverty alleviation, and climate change mitigation. Critics argue that these resources could be better utilized to address urgent challenges on Earth, such as ensuring access to education for all, improving healthcare facilities, and supporting sustainable development initiatives. The misallocation of funds towards space tourism could hinder progress in solving pressing issues that impact the well-being of people worldwide.
"
Some people think that space tourism will probably be developed; it is a good thing.,"The potential development of space tourism is considered a good thing as it can inspire more people to specialize in the outer space field, which may help speed up the process of finding another planet for the overpopulated Earth. As space travel becomes more accessible and exciting, it captures the imagination of individuals, particularly aspiring scientists and researchers. The allure of exploring the cosmos may encourage more young minds to pursue careers in space-related disciplines, such as astrophysics, astronomy, and space engineering. This influx of talent and dedication to the field could lead to significant advancements in space exploration technology and research. As we face the challenges of an overpopulated Earth and environmental concerns, a greater focus on space exploration may provide potential solutions, including the possibility of finding habitable exoplanets or developing sustainable space habitats for human colonization. ","The possibility of space tourism being available only to the wealthy is a concerning aspect. If space tourism becomes a reality and remains an exclusive activity for the affluent, it could exacerbate social inequalities and lead to a sense of undermined belonging among the less privileged. Access to space travel would be limited to a privileged few, leaving the majority of the population unable to experience such extraordinary opportunities. This exclusivity might further widen the gap between the rich and the poor, potentially creating resentment and social unrest. Hence, the inequality in accessing space tourism could have adverse effects on social cohesion and the overall harmony within society."
"Some people think that schools should stop teaching students by using books because students find them boring and that children can learn from films, TV, video games and computer instead. ","Those who advocate for moving away from traditional books in schools argue that using TV, films, video games, and computers for teaching is more engaging and efficient. These digital mediums often incorporate interactive elements, visual aids, and dynamic content that can capture students' attention better than static texts. This heightened engagement can lead to enhanced learning experiences and better retention of information. Students may find learning through multimedia sources more enjoyable, stimulating their curiosity and creativity. Therefore, embracing technology in education could lead to more productive and effective learning environments.","Advocates for using traditional books in schools argue that not everyone has the same learning style, and relying solely on films, TV, video games, and computers may not cater to the diverse needs of all students. While multimedia sources can be engaging for some learners, others may find them distracting or less effective in grasping complex concepts. Books offer a versatile learning experience that allows students to absorb information at their own pace, making them a valuable resource for students with various learning preferences.

"
"Some people think that schools should stop teaching students by using books because students find them boring and that children can learn from films, TV, video games and computer instead. ","Supporters of using TV, films, video games, and computers in education believe that these mediums require less direct instruction from teachers, allowing educators to reach a broader student audience. With modern technology, educational content can be accessed and disseminated widely, enabling teachers to educate more students at once. This accessibility to digital learning resources may prove particularly beneficial for students from disadvantaged backgrounds who might not have access to traditional learning materials. By embracing technology, schools can bridge the educational gap and offer equal learning opportunities to all students.","Supporters of using books in education emphasize that they provide more structured chapters and a cohesive flow of information. Unlike digital sources, books offer a sequential presentation of knowledge, allowing for a deeper understanding of subjects. Readers can immerse themselves in the content without distractions, enhancing their focus and critical thinking skills. The systematic organization of topics in books aids students in building a solid foundation of knowledge, enabling them to explore complex subjects in depth.

"
"Some people think that schools should stop teaching students by using books because students find them boring and that children can learn from films, TV, video games and computer instead. ","One advantage of employing TV, films, video games, and computers in education is their widespread accessibility and affordability. Nowadays, most households have access to digital devices, making these educational resources easily available to students. Moreover, many online educational platforms and content are free or relatively affordable, allowing students to explore a wide range of subjects at little to no cost. By utilizing digital resources, schools can potentially reduce the financial burden on students and their families associated with purchasing textbooks. This cost-effectiveness can create a more inclusive educational environment and contribute to a broader reach of quality education.","One  advantage of using books for education is the tangible experience they provide. Students can interact with the text by taking notes, underlining important information, and referring back to specific pages easily. This physical engagement with the material helps reinforce learning and aids in better comprehension and information retention. Moreover, books offer a sense of ownership, as students can annotate and personalize their copies. This connection to the learning material can foster a deeper sense of learning and commitment to academic pursuits."